[
  {
    "id": "c285cb18-2d27-4e49-86bd-0d314db5bf5b",
    "data": [
      {
        "text": "\"Hey\"",
        "userDefined": false
      }
    ],
    "isTemplate": false,
    "count": 0,
    "lang": "en",
    "updated": 0
  },
  {
    "id": "8057bdff-4107-46f4-b1c7-78ce611f63bc",
    "data": [
      {
        "text": "\"Hello\"",
        "userDefined": false
      }
    ],
    "isTemplate": false,
    "count": 0,
    "lang": "en",
    "updated": 0
  },
  {
    "id": "16acdc9b-4e20-4509-a331-e85459f4defa",
    "data": [
      {
        "text": "\"Hi\"",
        "userDefined": false
      }
    ],
    "isTemplate": false,
    "count": 0,
    "lang": "en",
    "updated": 0
  }
]