[
  {
    "id": "a0f39c82-56a2-4f71-9fc0-42b8823274d9",
    "data": [
      {
        "text": "\"Order ID is ORD",
        "userDefined": false
      },
      {
        "text": "6789",
        "meta": "@order_id",
        "alias": "order_id",
        "userDefined": false
      },
      {
        "text": "\"",
        "userDefined": false
      }
    ],
    "isTemplate": false,
    "count": 0,
    "lang": "en",
    "updated": 0
  },
  {
    "id": "038ae5f3-1235-4ee8-9841-ba2bd43daf2a",
    "data": [
      {
        "text": "\"My order is ",
        "userDefined": false
      },
      {
        "text": "12345",
        "meta": "@order_id",
        "alias": "order_id",
        "userDefined": false
      },
      {
        "text": "\"",
        "userDefined": false
      }
    ],
    "isTemplate": false,
    "count": 0,
    "lang": "en",
    "updated": 0
  }
]